{
  "n_structures": 4500,
  "k_values": [
    1,
    3,
    5,
    10,
    20
  ],
  "embedding_kinds": [
    "cls",
    "raw_cls",
    "concat"
  ],
  "proxy_features": [
    "n_atoms",
    "n_metal_atoms",
    "metal_fraction",
    "formula_weight",
    "cell_volume",
    "density"
  ],
  "seed": 42,
  "distance_correlations": {
    "cls": {
      "spearman": 0.5076665427520549,
      "pearson": 0.4370310034351142
    },
    "raw_cls": {
      "spearman": 0.4947610403927207,
      "pearson": 0.41750698747218573
    },
    "concat": {
      "spearman": 0.27665145422597454,
      "pearson": 0.2503615663348289
    }
  },
  "retrieval": {
    "proxy_kNN (baseline)": {
      "recall@k": [
        1.0,
        1.0,
        1.0,
        1.0,
        1.0
      ],
      "mae@k": [
        0.06125230888395324,
        0.05360284135234664,
        0.054287949073627134,
        0.058909085577264264,
        0.0683059738139986
      ],
      "diversity@k": [
        0.0,
        0.7326631613772794,
        0.7423179050551953,
        0.7606073317294617,
        0.7738139102926943
      ]
    },
    "random_kNN (baseline)": {
      "recall@k": [
        0.0006666666666666666,
        0.0011851851851851852,
        0.0016444444444444445,
        0.0023555555555555556,
        0.004533333333333334
      ],
      "mae@k": [
        0.9715736006501694,
        0.8230090430193557,
        0.7899527185802253,
        0.7559507412794344,
        0.7379187203254373
      ],
      "diversity@k": [
        0.0,
        0.892711397603214,
        0.8909639407372548,
        0.8920477495394541,
        0.8931241933154977
      ]
    },
    "latent (cls)": {
      "recall@k": [
        0.06311111111111112,
        0.054814814814814816,
        0.050222222222222224,
        0.04722222222222222,
        0.04332222222222222
      ],
      "mae@k": [
        0.4512947087998177,
        0.4111349324746263,
        0.4059587058567546,
        0.4042568631481716,
        0.41407946638909326
      ],
      "diversity@k": [
        0.0,
        0.33288578255971274,
        0.36813760311736,
        0.4249288304746151,
        0.4763045909040504
      ]
    },
    "latent (raw_cls)": {
      "recall@k": [
        0.06866666666666667,
        0.06037037037037037,
        0.05537777777777778,
        0.05166666666666667,
        0.049277777777777775
      ],
      "mae@k": [
        0.4179736136976415,
        0.38202802994077845,
        0.3752999685128252,
        0.3777015277235764,
        0.3843562106693981
      ],
      "diversity@k": [
        0.0,
        0.3914667402356863,
        0.42305218181676335,
        0.47093388385574025,
        0.5135102571381462
      ]
    },
    "latent (concat)": {
      "recall@k": [
        0.06555555555555556,
        0.05777777777777778,
        0.05404444444444444,
        0.05037777777777778,
        0.04772222222222222
      ],
      "mae@k": [
        0.4207397020982274,
        0.38366676395173355,
        0.37594526566486375,
        0.3801591667876643,
        0.39346520415615
      ],
      "diversity@k": [
        0.0,
        0.17442082093159358,
        0.1857763306564755,
        0.20129105975892808,
        0.21700499965084924
      ]
    }
  }
}